{
    "train_losses": [
        1.1336707957088947
    ],
    "val_losses": [
        0.6960758537054061
    ],
    "val_dices": [
        0.8333902060985565
    ]
}