{
    "train_losses": [
        1.6120453596115112
    ],
    "val_losses": [
        1.53554869890213
    ],
    "val_ious": [
        0.0
    ]
}