{
    "train_losses": [
        1.6541976928710938,
        1.3746535778045654
    ],
    "val_losses": [
        1.727874755859375,
        1.8858985900878906
    ],
    "val_ious": [
        0.02186335064470768,
        0.010937984101474285
    ]
}