{"6": {"train_loss": [0.6601186394691467, 0.6060389280319214, 0.5959615707397461, 0.5962734818458557, 0.5934092998504639, 0.5897850394248962, 0.5850840210914612, 0.5792248249053955, 0.5722127556800842, 0.5674939155578613, 0.56280916929245, 0.5594367980957031, 0.5569227933883667, 0.5547233819961548, 0.554336667060852, 0.556010901927948, 0.5552670955657959, 0.553804874420166, 0.5550154447555542, 0.5530061721801758], "train_iou": [0.2362418919801712, 0.2333194762468338, 0.23662777245044708, 0.23635922372341156, 0.2650204598903656, 0.27309921383857727, 0.27940136194229126, 0.2854019105434418, 0.2953118681907654, 0.2998189628124237, 0.30211910605430603, 0.30389395356178284, 0.30436429381370544, 0.30568742752075195, 0.3045865595340729, 0.30188533663749695, 0.2962409555912018, 0.297039657831192, 0.2907871603965759, 0.28884872794151306], "val_loss": [0.6357677578926086, 0.6203978061676025, 0.6107145547866821, 0.6148399114608765, 0.6214187145233154, 0.6193242073059082, 0.6167200803756714, 0.6156539916992188, 0.6149402856826782, 0.6181530356407166, 0.610405445098877, 0.6117032170295715, 0.6163231730461121, 0.6189724802970886, 0.6167157292366028, 0.6174945831298828, 0.6144087910652161, 0.6201299428939819, 0.6128374338150024, 0.620137631893158], "val_iou": [0.237060546875, 0.2371467649936676, 0.24225616455078125, 0.2385917752981186, 0.23348389565944672, 0.23506318032741547, 0.23705291748046875, 0.2378700226545334, 0.2384185791015625, 0.2359573394060135, 0.24190674722194672, 0.24090348184108734, 0.23734894394874573, 0.2353164702653885, 0.2370307892560959, 0.23642654716968536, 0.23876571655273438, 0.23437705636024475, 0.23994813859462738, 0.23429928719997406]}, "21": {"train_loss": [0.6891700029373169, 0.6766695976257324, 0.6536500453948975, 0.6224071979522705, 0.6131048202514648, 0.6147246956825256, 0.6164823770523071, 0.6179639101028442, 0.6155873537063599, 0.6174606084823608, 0.6165410280227661, 0.6177577972412109, 0.6177741289138794, 0.6147960424423218, 0.6160591840744019, 0.6178251504898071, 0.6145894527435303, 0.6182472109794617, 0.6154042482376099, 0.6134845018386841], "train_iou": [0.10880648344755173, 0.23300126194953918, 0.23662777245044708, 0.23635922372341156, 0.2368514984846115, 0.2365579605102539, 0.23622722923755646, 0.2356029599905014, 0.2376638501882553, 0.23635081946849823, 0.23711566627025604, 0.23621883988380432, 0.23622798919677734, 0.23851795494556427, 0.23755855858325958, 0.23621216416358948, 0.23869304358959198, 0.23589611053466797, 0.23807258903980255, 0.2395469695329666], "val_loss": [0.6719457507133484, 0.6557777523994446, 0.6239309310913086, 0.6164122223854065, 0.621212363243103, 0.619139552116394, 0.6166414022445679, 0.6156224608421326, 0.6149331331253052, 0.6181609630584717, 0.610417366027832, 0.6117228269577026, 0.6163543462753296, 0.6190149784088135, 0.6167721748352051, 0.6175628900527954, 0.6145087480545044, 0.6202539205551147, 0.6129834651947021, 0.6203703880310059], "val_iou": [0.237060546875, 0.2371467649936676, 0.24225616455078125, 0.2385917752981186, 0.23348389565944672, 0.23506318032741547, 0.23705291748046875, 0.2378700226545334, 0.2384185791015625, 0.2359573394060135, 0.24190674722194672, 0.24090348184108734, 0.23734894394874573, 0.2353164702653885, 0.2370307892560959, 0.23642654716968536, 0.23876571655273438, 0.23437348008155823, 0.23993758857250214, 0.23428498208522797]}, "61": {"train_loss": [0.6883587837219238, 0.6767686605453491, 0.652900218963623, 0.6221868395805359, 0.6132713556289673, 0.6148935556411743, 0.6165882349014282, 0.6180306673049927, 0.6156283617019653, 0.6174859404563904, 0.6165575385093689, 0.6177699565887451, 0.6177821755409241, 0.614802360534668, 0.6160637140274048, 0.6178287267684937, 0.6145921945571899, 0.6182494759559631, 0.6154062747955322, 0.6134862303733826], "train_iou": [0.1150958314538002, 0.2329910546541214, 0.23662777245044708, 0.23635922372341156, 0.2368514984846115, 0.2365579605102539, 0.23622722923755646, 0.2356029599905014, 0.2376638501882553, 0.23635081946849823, 0.23711566627025604, 0.23621883988380432, 0.23622798919677734, 0.23851795494556427, 0.23755855858325958, 0.23621216416358948, 0.23869304358959198, 0.23589611053466797, 0.23807258903980255, 0.2395469695329666], "val_loss": [0.6724017858505249, 0.6537834405899048, 0.619565486907959, 0.6137843132019043, 0.6201269626617432, 0.6187076568603516, 0.6164636611938477, 0.6155368089675903, 0.6148838996887207, 0.6181319355964661, 0.6104001998901367, 0.611710786819458, 0.6163450479507446, 0.6190074682235718, 0.6167666912078857, 0.6175583600997925, 0.6145049929618835, 0.6202505826950073, 0.6129809021949768, 0.6203681230545044], "val_iou": [0.237060546875, 0.2371467649936676, 0.24225616455078125, 0.2385917752981186, 0.23348389565944672, 0.23506318032741547, 0.23705291748046875, 0.2378700226545334, 0.2384185791015625, 0.2359573394060135, 0.24190674722194672, 0.24090348184108734, 0.23734894394874573, 0.2353164702653885, 0.2370307892560959, 0.23642654716968536, 0.23876571655273438, 0.23437348008155823, 0.23993758857250214, 0.23428498208522797]}}