{"115": {"train_loss": [0.6610736846923828, 0.6233583092689514, 0.6169933676719666, 0.6175708174705505, 0.6169870495796204, 0.6173862218856812, 0.6178232431411743, 0.6186420917510986, 0.6159472465515137, 0.617663562297821, 0.6166635751724243, 0.6178364753723145, 0.6178244948387146, 0.6148332357406616, 0.6160851716995239, 0.6178452968597412, 0.6146050095558167, 0.6182589530944824, 0.6154141426086426, 0.6134927272796631], "train_iou": [0.23602791130542755, 0.2333194762468338, 0.23662777245044708, 0.23635922372341156, 0.2368514984846115, 0.2365579605102539, 0.23622722923755646, 0.2356029599905014, 0.2376638501882553, 0.23635081946849823, 0.23711566627025604, 0.23621883988380432, 0.23622798919677734, 0.23851795494556427, 0.23755855858325958, 0.23621216416358948, 0.23869304358959198, 0.23589611053466797, 0.23807258903980255, 0.2395469695329666], "val_loss": [0.619994044303894, 0.6159734725952148, 0.6098034381866455, 0.6146665215492249, 0.6214017868041992, 0.6193420886993408, 0.6167406439781189, 0.6156760454177856, 0.614961564540863, 0.6181778907775879, 0.6104263067245483, 0.6117285490036011, 0.6163586974143982, 0.6190180778503418, 0.6167744994163513, 0.6175645589828491, 0.6145102381706238, 0.6202551126480103, 0.6129843592643738, 0.6203712821006775], "val_iou": [0.237060546875, 0.2371467649936676, 0.24225616455078125, 0.2385917752981186, 0.23348389565944672, 0.23506318032741547, 0.23705291748046875, 0.2378700226545334, 0.2384185791015625, 0.2359573394060135, 0.24190674722194672, 0.24090348184108734, 0.23734894394874573, 0.2353164702653885, 0.2370307892560959, 0.23642654716968536, 0.23876571655273438, 0.23437348008155823, 0.23993758857250214, 0.23428498208522797]}}