{"61": {"train_loss": [0.652938723564148, 0.6112487316131592, 0.6123943328857422, 0.6152856945991516, 0.6155275106430054, 0.6163755059242249, 0.6170206069946289, 0.6179634928703308, 0.6153334379196167, 0.6170830130577087, 0.6160998344421387, 0.6172718405723572, 0.6172391772270203, 0.6141884326934814, 0.6153771281242371, 0.6170090436935425, 0.6136050820350647, 0.6169940233230591, 0.6136907339096069, 0.6108676195144653], "train_iou": [0.23617501556873322, 0.2333194762468338, 0.23662777245044708, 0.23635922372341156, 0.2368514984846115, 0.2365579605102539, 0.23622722923755646, 0.2356029599905014, 0.2376638501882553, 0.23635081946849823, 0.23711566627025604, 0.23621883988380432, 0.23622798919677734, 0.23851795494556427, 0.23755855858325958, 0.23621216416358948, 0.23869304358959198, 0.23589611053466797, 0.23807258903980255, 0.2395469695329666], "val_loss": [0.6208963394165039, 0.6166212558746338, 0.6098810434341431, 0.6146516799926758, 0.6213670969009399, 0.6193076372146606, 0.6167114973068237, 0.6156469583511353, 0.6149338483810425, 0.6181476712226868, 0.6103994846343994, 0.6116981506347656, 0.6163209676742554, 0.6189715266227722, 0.6167175769805908, 0.6174900531768799, 0.6143951416015625, 0.6200692653656006, 0.6126809120178223, 0.6197090148925781], "val_iou": [0.237060546875, 0.2371467649936676, 0.24225616455078125, 0.2385917752981186, 0.23348389565944672, 0.23506318032741547, 0.23705291748046875, 0.2378700226545334, 0.2384185791015625, 0.2359573394060135, 0.24190674722194672, 0.24090348184108734, 0.23734894394874573, 0.2353164702653885, 0.2370307892560959, 0.23642654716968536, 0.23876571655273438, 0.23437348008155823, 0.23993758857250214, 0.23428498208522797]}, "8": {"train_loss": [0.6989818215370178, 0.6776576042175293, 0.6598231792449951, 0.6261335611343384, 0.6165193319320679, 0.6168253421783447, 0.6175763607025146, 0.618537425994873, 0.6158939003944397, 0.6176350116729736, 0.6166466474533081, 0.6178257465362549, 0.617817223072052, 0.6148281693458557, 0.6160813570022583, 0.6178419589996338, 0.6146024465560913, 0.6182570457458496, 0.6154124736785889, 0.6134909391403198], "train_iou": [0.07197089493274689, 0.22736410796642303, 0.23664283752441406, 0.23635922372341156, 0.2368514984846115, 0.2365579605102539, 0.23622722923755646, 0.2356029599905014, 0.2376638501882553, 0.23635081946849823, 0.23711566627025604, 0.23621883988380432, 0.23622798919677734, 0.23851795494556427, 0.23755855858325958, 0.23621216416358948, 0.23869304358959198, 0.23589611053466797, 0.23807258903980255, 0.2395469695329666], "val_loss": [0.6740473508834839, 0.6592836380004883, 0.6190464496612549, 0.6135233044624329, 0.6204631328582764, 0.6190059781074524, 0.6166282296180725, 0.6156324148178101, 0.6149428486824036, 0.6181677579879761, 0.6104214787483215, 0.6117252707481384, 0.6163565516471863, 0.6190164685249329, 0.616773247718811, 0.6175638437271118, 0.614509642124176, 0.6202545166015625, 0.6129839420318604, 0.6203709840774536], "val_iou": [0.2370070070028305, 0.237179234623909, 0.24225616455078125, 0.2385917752981186, 0.23348389565944672, 0.23506318032741547, 0.23705291748046875, 0.2378700226545334, 0.2384185791015625, 0.2359573394060135, 0.24190674722194672, 0.24090348184108734, 0.23734894394874573, 0.2353164702653885, 0.2370307892560959, 0.23642654716968536, 0.23876571655273438, 0.23437348008155823, 0.23993758857250214, 0.23428498208522797]}, "34": {"train_loss": [0.6946385502815247, 0.6763147115707397, 0.6646031141281128, 0.6353226900100708, 0.6196721792221069, 0.6171590089797974, 0.6173665523529053, 0.6183702945709229, 0.6157684326171875, 0.6175487041473389, 0.6165903806686401, 0.6177887916564941, 0.6177915334701538, 0.6148091554641724, 0.6160686016082764, 0.6178309321403503, 0.6145938038825989, 0.6182504892349243, 0.61540687084198, 0.6134870648384094], "train_iou": [0.13558916747570038, 0.22835521399974823, 0.23659276962280273, 0.23635922372341156, 0.2368514984846115, 0.2365579605102539, 0.23622722923755646, 0.2356029599905014, 0.2376638501882553, 0.23635081946849823, 0.23711566627025604, 0.23621883988380432, 0.23622798919677734, 0.23851795494556427, 0.23755855858325958, 0.23621216416358948, 0.23869304358959198, 0.23589611053466797, 0.23807258903980255, 0.2395469695329666], "val_loss": [0.6717672348022461, 0.6636505126953125, 0.6326602697372437, 0.6194893717765808, 0.6210857629776001, 0.6185152530670166, 0.6162652969360352, 0.6153862476348877, 0.6147912740707397, 0.6180781722068787, 0.6103739738464355, 0.6116920709609985, 0.616333544254303, 0.6189989447593689, 0.6167616844177246, 0.6175551414489746, 0.6145034432411194, 0.620249330997467, 0.6129806041717529, 0.620368242263794], "val_iou": [0.23701146245002747, 0.23713698983192444, 0.24225616455078125, 0.2385917752981186, 0.23348389565944672, 0.23506318032741547, 0.23705291748046875, 0.2378700226545334, 0.2384185791015625, 0.2359573394060135, 0.24190674722194672, 0.24090348184108734, 0.23734894394874573, 0.2353164702653885, 0.2370307892560959, 0.23642654716968536, 0.23876571655273438, 0.23437348008155823, 0.23993758857250214, 0.23428498208522797]}, "11": {"train_loss": [0.6890544295310974, 0.6785753965377808, 0.6463849544525146, 0.6187909841537476, 0.6153649091720581, 0.6166810393333435, 0.6175850629806519, 0.6185537576675415, 0.6159098148345947, 0.6176464557647705, 0.6166540384292603, 0.6178317070007324, 0.6178215742111206, 0.6148310899734497, 0.6160838603973389, 0.6178439855575562, 0.6146040558815002, 0.6182582974433899, 0.6154135465621948, 0.6134922504425049], "train_iou": [0.14428365230560303, 0.22184963524341583, 0.23661604523658752, 0.23635922372341156, 0.2368514984846115, 0.2365579605102539, 0.23622722923755646, 0.2356029599905014, 0.2376638501882553, 0.23635081946849823, 0.23711566627025604, 0.23621883988380432, 0.23622798919677734, 0.23851795494556427, 0.23755855858325958, 0.23621216416358948, 0.23869304358959198, 0.23589611053466797, 0.23807258903980255, 0.2395469695329666], "val_loss": [0.6741045713424683, 0.6469699144363403, 0.6128789186477661, 0.6135104894638062, 0.6207655668258667, 0.6191020011901855, 0.6166495084762573, 0.6156333684921265, 0.6149418354034424, 0.6181663870811462, 0.6104205846786499, 0.611724317073822, 0.6163560152053833, 0.6190159320831299, 0.6167727708816528, 0.6175637245178223, 0.6145092248916626, 0.620254397392273, 0.6129838824272156, 0.6203709840774536], "val_iou": [0.23250046372413635, 0.23714034259319305, 0.24225616455078125, 0.2385917752981186, 0.23348389565944672, 0.23506318032741547, 0.23705291748046875, 0.2378700226545334, 0.2384185791015625, 0.2359573394060135, 0.24190674722194672, 0.24090348184108734, 0.23734894394874573, 0.2353164702653885, 0.2370307892560959, 0.23642654716968536, 0.23876571655273438, 0.23437348008155823, 0.23993758857250214, 0.23428498208522797]}, "28": {"train_loss": [0.6919249296188354, 0.6779818534851074, 0.653438925743103, 0.6192203164100647, 0.6103130578994751, 0.6130175590515137, 0.6155534386634827, 0.6174174547195435, 0.6152269840240479, 0.6172307133674622, 0.6163700222969055, 0.6176345348358154, 0.6176808476448059, 0.6147233247756958, 0.6160005331039429, 0.6177785396575928, 0.6145482063293457, 0.6182127594947815, 0.6153719425201416, 0.6134544610977173], "train_iou": [0.13485632836818695, 0.22649192810058594, 0.23662734031677246, 0.23635922372341156, 0.2368514984846115, 0.2365579605102539, 0.23622722923755646, 0.2356029599905014, 0.2376638501882553, 0.23635081946849823, 0.23711566627025604, 0.23621883988380432, 0.23622798919677734, 0.23851795494556427, 0.23755855858325958, 0.23621216416358948, 0.23869304358959198, 0.23589611053466797, 0.23807258903980255, 0.2395469695329666],