{"43": {"train_loss": [0.648942232131958, 0.6192864179611206, 0.616854190826416, 0.6175720691680908, 0.616985559463501, 0.6173853874206543, 0.6178230047225952, 0.6186414957046509, 0.6159470677375793, 0.6176634430885315, 0.6166633367538452, 0.6178361773490906, 0.6178244352340698, 0.6148324012756348, 0.6160850524902344, 0.6178452372550964, 0.6146043539047241, 0.6182590126991272, 0.6154138445854187, 0.6134926676750183], "train_iou": [0.23597989976406097, 0.233319953083992, 0.23662853240966797, 0.23636053502559662, 0.2368514984846115, 0.2365579605102539, 0.23622722923755646, 0.2356029599905014, 0.2376638501882553, 0.23635081946849823, 0.23711638152599335, 0.23621883988380432, 0.23622798919677734, 0.23851867020130157, 0.23755879700183868, 0.23621216416358948, 0.23869355022907257, 0.23589611053466797, 0.23807275295257568, 0.2395469695329666], "val_loss": [0.6202355623245239, 0.6166888475418091, 0.6099432706832886, 0.6147181391716003, 0.6214162707328796, 0.619347333908081, 0.616744339466095, 0.6156778335571289, 0.6149624586105347, 0.6181786060333252, 0.6104267835617065, 0.6117287874221802, 0.6163588762283325, 0.6190182566642761, 0.6167746186256409, 0.6175647974014282, 0.6145102977752686, 0.620255172252655, 0.6129844188690186, 0.6203713417053223], "val_iou": [0.237060546875, 0.2371467649936676, 0.24225616455078125, 0.2385917752981186, 0.23348389565944672, 0.23506318032741547, 0.23705291748046875, 0.2378700226545334, 0.2384185791015625, 0.2359573394060135, 0.24190674722194672, 0.24090348184108734, 0.23734894394874573, 0.2353164702653885, 0.2370307892560959, 0.23642654716968536, 0.23876571655273438, 0.23437348008155823, 0.23993758857250214, 0.23428498208522797]}, "62": {"train_loss": [0.7046888470649719, 0.6791421175003052, 0.6581088900566101, 0.6214838027954102, 0.6154121160507202, 0.6167638897895813, 0.6176203489303589, 0.6185674071311951, 0.6159176826477051, 0.6176488399505615, 0.6166558861732483, 0.6178323030471802, 0.6178222894668579, 0.6148298978805542, 0.6160828471183777, 0.6178443431854248, 0.6146008968353271, 0.6182585954666138, 0.6154115796089172, 0.613492488861084], "train_iou": [0.021403251215815544, 0.2251754105091095, 0.23662391304969788, 0.23635922372341156, 0.2368514984846115, 0.2365579605102539, 0.23622722923755646, 0.2356029599905014, 0.2376638501882553, 0.23635081946849823, 0.23711566627025604, 0.23621883988380432, 0.23622798919677734, 0.2385198324918747, 0.23755943775177002, 0.23621216416358948, 0.23869560658931732, 0.23589611053466797, 0.23807573318481445, 0.2395469695329666], "val_loss": [0.6730620861053467, 0.6591396331787109, 0.6220274567604065, 0.6156144142150879, 0.6212165355682373, 0.619222104549408, 0.6166937351226807, 0.615653395652771, 0.6149513721466064, 0.6181726455688477, 0.6104240417480469, 0.6117271184921265, 0.6163578629493713, 0.6190176010131836, 0.6167742013931274, 0.6175644397735596, 0.6145100593566895, 0.6202549934387207, 0.612984299659729, 0.6203712224960327], "val_iou": [0.23696580529212952, 0.23715701699256897, 0.24225616455078125, 0.2385917752981186, 0.23348389565944672, 0.23506318032741547, 0.23705291748046875, 0.2378700226545334, 0.2384185791015625, 0.2359573394060135, 0.24190674722194672, 0.24090348184108734, 0.23734894394874573, 0.2353164702653885, 0.2370307892560959, 0.23642654716968536, 0.23876571655273438, 0.23437348008155823, 0.23993758857250214, 0.23428498208522797]}, "29": {"train_loss": [0.6949864029884338, 0.679262101650238, 0.6466333866119385, 0.6144952178001404, 0.6065385341644287, 0.6072735786437988, 0.6082422733306885, 0.6087777614593506, 0.6055546998977661, 0.6055165529251099, 0.6024442315101624, 0.6002875566482544, 0.5966701507568359, 0.5901619791984558, 0.5868856906890869, 0.5849776268005371, 0.5791218280792236, 0.5772002935409546, 0.5722730159759521, 0.5683836340904236], "train_iou": [0.1596366912126541, 0.2211412489414215, 0.23662519454956055, 0.2363605946302414, 0.23686233162879944, 0.23664651811122894, 0.23662543296813965, 0.23660686612129211, 0.23970751464366913, 0.24011531472206116, 0.2432100623846054, 0.24761974811553955, 0.2509995400905609, 0.2588697075843811, 0.26464807987213135, 0.2700923979282379, 0.27324849367141724, 0.2758793234825134, 0.2816911041736603, 0.2878643572330475], "val_loss": [0.6732866168022156, 0.6503123641014099, 0.6143053770065308, 0.6082333326339722, 0.6135761141777039, 0.6122524738311768, 0.6104676127433777, 0.6094145774841309, 0.6069286465644836, 0.6077073812484741, 0.5991969704627991, 0.5958594083786011, 0.5956820249557495, 0.591815710067749, 0.587659478187561, 0.5820740461349487, 0.5783636569976807, 0.577602744102478, 0.5713132619857788, 0.5724980235099792], "val_iou": [0.23581719398498535, 0.2371467649936676, 0.24225616455078125, 0.2385917752981186, 0.23348389565944672, 0.23506318032741547, 0.23706448078155518, 0.2379746288061142, 0.2390308678150177, 0.2390785664319992, 0.2479698657989502, 0.25183138251304626, 0.2523708939552307, 0.2547016143798828, 0.2660439610481262, 0.2734188139438629, 0.2754306495189667, 0.27668505907058716, 0.2807752192020416, 0.28139495849609375]}, "0": {"train_loss": [0.6474823355674744, 0.6131545305252075, 0.6074967384338379, 0.6093255281448364, 0.6089606285095215, 0.6087661981582642, 0.6083390712738037, 0.6068843603134155, 0.6021984815597534, 0.6000322103500366, 0.5954392552375793, 0.5909968614578247, 0.5847976207733154, 0.5772549510002136, 0.5693708062171936, 0.5639934539794922, 0.5511090755462646, 0.5394856929779053, 0.5261309146881104, 0.5099743604660034], "train_iou": [0.2360314428806305, 0.23348954319953918, 0.23695726692676544, 0.23679552972316742, 0.23762445151805878, 0.23762193322181702, 0.23775675892829895, 0.23762671649456024, 0.24201874434947968, 0.24308128654956818, 0.24806343019008636, 0.25641679763793945, 0.26553356647491455, 0.27690815925598145, 0.2861519753932953, 0.29211780428886414, 0.30232247710227966, 0.31285718083381653, 0.3251992166042328, 0.3350854814052582], "val_loss": [0.6102052927017212, 0.6073243618011475, 0.6032752990722656, 0.6085732579231262, 0.6136890053749084, 0.6110695600509644, 0.6076293587684631, 0.6061012744903564, 0.6010290384292603, 0.6009356379508972, 0.5917270183563232, 0.587189793586731, 0.5835883617401123, 0.5773593187332153, 0.5664921402931213, 0.5513220429420471, 0.5363208651542664, 0.524664044380188, 0.514431357383728, 0.5188721418380737], "val_iou": [0.23706291615962982, 0.23725099861621857, 0.2424476593732834, 0.2388429194688797, 0.23429928719997406, 0.2360946238040924, 0.23889903724193573, 0.24047894775867462, 0.24356122314929962, 0.24373476207256317, 0.2512349784374237, 0.2565494477748871, 0.26002368330955505, 0.2668386399745941, 0.2792641818523407, 0.3053915500640869, 0.33434638381004333, 0.3613679111003876, 0.36333325505256653, 0.33451953530311584]}, "26": {"train_loss": [0.7002453207969666, 0.6739704608917236, 0.6811984777450562, 0.6617498397827148, 0.6421695351600647, 0.6300396919250488, 0.6224484443664551, 0.6194682121276855, 0.6150913238525391, 0.6161837577819824, 0.6148865818977356, 0.615998387336731, 0.6157500743865967, 0.6125555038452148, 0.6137542128562927, 0.6152781248092651, 0.611886739730835, 0.6152726411819458, 0.6121524572372437, 0.6103990077972412], "train_iou": [0.11506842821836472, 0.23148329555988312, 0.17420904338359833, 0.23586690425872803, 0.23603568971157074, 0.23524720966815948, 0.23549585044384003, 0.23566530644893646, 0.2382715493440628, 0.23723523318767548, 0.2382499724626541, 0.2374267876148224, 0.23764052987098694, 0.24024224281311035, 0.2394315004348755, 0.2383076697587967, 0.24094872176647186, 0.23841288685798645, 0.24088206887245178, 0.2422836869955063],