{"208": {"train_loss": [0.6573110222816467, 0.6226916313171387, 0.6172508597373962, 0.6176410913467407, 0.6170063018798828, 0.6173923015594482, 0.6178253889083862, 0.6186428070068359, 0.6159476041793823, 0.6176638603210449, 0.6166636943817139, 0.6178365349769592, 0.6178245544433594, 0.6148332357406616, 0.6160851716995239, 0.6178452968597412, 0.6146050095558167, 0.6182589530944824, 0.6154141426086426, 0.6134927272796631], "train_iou": [0.23659591376781464, 0.2333194762468338, 0.23662777245044708, 0.23635922372341156, 0.2368514984846115, 0.2365579605102539, 0.23622722923755646, 0.2356029599905014, 0.2376638501882553, 0.23635081946849823, 0.23711566627025604, 0.23621883988380432, 0.23622798919677734, 0.23851795494556427, 0.23755855858325958, 0.23621216416358948, 0.23869304358959198, 0.23589611053466797, 0.23807258903980255, 0.2395469695329666], "val_loss": [0.6166049242019653, 0.6165599822998047, 0.6099677085876465, 0.6147361993789673, 0.621423602104187, 0.6193503141403198, 0.6167457103729248, 0.6156785488128662, 0.6149628162384033, 0.6181788444519043, 0.6104269027709961, 0.6117289066314697, 0.6163589358329773, 0.6190183162689209, 0.6167746186256409, 0.6175647974014282, 0.6145102977752686, 0.620255172252655, 0.6129844188690186, 0.6203713417053223], "val_iou": [0.237060546875, 0.2371467649936676, 0.24225616455078125, 0.2385917752981186, 0.23348389565944672, 0.23506318032741547, 0.23705291748046875, 0.2378700226545334, 0.2384185791015625, 0.2359573394060135, 0.24190674722194672, 0.24090348184108734, 0.23734894394874573, 0.2353164702653885, 0.2370307892560959, 0.23642654716968536, 0.23876571655273438, 0.23437348008155823, 0.23993758857250214, 0.23428498208522797]}}