{"61": {"train_loss": [0.6545690298080444, 0.6112887859344482, 0.6118891835212708, 0.6149611473083496, 0.61531662940979, 0.6162039041519165, 0.6168920993804932, 0.6178443431854248, 0.6152316331863403, 0.616985559463501, 0.6160030364990234, 0.6171635389328003, 0.6171268224716187, 0.6140760183334351, 0.6152409911155701, 0.616880476474762, 0.6134587526321411, 0.616828203201294, 0.6135346293449402, 0.6108042001724243], "train_iou": [0.23616431653499603, 0.2333194762468338, 0.23662777245044708, 0.23635922372341156, 0.2368514984846115, 0.2365579605102539, 0.23622722923755646, 0.2356029599905014, 0.2376638501882553, 0.23635081946849823, 0.23711566627025604, 0.23621883988380432, 0.23622798919677734, 0.23851795494556427, 0.23755855858325958, 0.23621216416358948, 0.23869304358959198, 0.23589611053466797, 0.23807258903980255, 0.2395469695329666], "val_loss": [0.6223381757736206, 0.6167465448379517, 0.6099037528038025, 0.6146597862243652, 0.6213710308074951, 0.6193119287490845, 0.6167155504226685, 0.6156502366065979, 0.6149371266365051, 0.6181509494781494, 0.6104030609130859, 0.6117024421691895, 0.6163254976272583, 0.6189767718315125, 0.6167243719100952, 0.6174996495246887, 0.614410936832428, 0.6200951337814331, 0.6127381324768066, 0.6198328733444214], "val_iou": [0.237060546875, 0.2371467649936676, 0.24225616455078125, 0.2385917752981186, 0.23348389565944672, 0.23506318032741547, 0.23705291748046875, 0.2378700226545334, 0.2384185791015625, 0.2359573394060135, 0.24190674722194672, 0.24090348184108734, 0.23734894394874573, 0.2353164702653885, 0.2370307892560959, 0.23642654716968536, 0.23876571655273438, 0.23437348008155823, 0.23993758857250214, 0.23428498208522797]}, "6": {"train_loss": [0.6962918639183044, 0.6773401498794556, 0.6582103967666626, 0.6234349012374878, 0.6115686893463135, 0.6127320528030396, 0.6148017644882202, 0.6166655421257019, 0.6147198677062988, 0.6167302131652832, 0.6159822940826416, 0.6172734498977661, 0.617368221282959, 0.6144925355911255, 0.6157789826393127, 0.6175795793533325, 0.6143845319747925, 0.6180270314216614, 0.6152188777923584, 0.6133164763450623], "train_iou": [0.10997422784566879, 0.23100478947162628, 0.23661641776561737, 0.23635922372341156, 0.2368514984846115, 0.2365579605102539, 0.23622722923755646, 0.2356029599905014, 0.2376638501882553, 0.23635081946849823, 0.23711566627025604, 0.23621883988380432, 0.23622798919677734, 0.23851795494556427, 0.23755855858325958, 0.23621216416358948, 0.23869304358959198, 0.23589611053466797, 0.23807258903980255, 0.2395469695329666], "val_loss": [0.6712963581085205, 0.6606415510177612, 0.633486270904541, 0.6226805448532104, 0.6237009167671204, 0.6200034618377686, 0.6169397830963135, 0.6157231330871582, 0.6149710416793823, 0.6181696653366089, 0.610424816608429, 0.6117234230041504, 0.6163542866706848, 0.6190144419670105, 0.6167718172073364, 0.6175625324249268, 0.6145081520080566, 0.6202535629272461, 0.6129831671714783, 0.6203699111938477], "val_iou": [0.237060546875, 0.2371467649936676, 0.24225616455078125, 0.2385917752981186, 0.23348389565944672, 0.23506318032741547, 0.23705291748046875, 0.2378700226545334, 0.2384185791015625, 0.2359573394060135, 0.24190674722194672, 0.24090348184108734, 0.23734894394874573, 0.2353164702653885, 0.2370307892560959, 0.23642654716968536, 0.23876571655273438, 0.23437348008155823, 0.23993758857250214, 0.23428498208522797]}, "51": {"train_loss": [0.690393328666687, 0.6766294240951538, 0.652064323425293, 0.6220459342002869, 0.6148927211761475, 0.6158809065818787, 0.6170612573623657, 0.6182547807693481, 0.6157439947128296, 0.6175513863563538, 0.6166014671325684, 0.6177972555160522, 0.6177990436553955, 0.614814043045044, 0.6160725355148315, 0.6178339719772339, 0.6145976781845093, 0.6182536482810974, 0.6154097318649292, 0.6134890913963318], "train_iou": [0.12188905477523804, 0.23251545429229736, 0.23662488162517548, 0.23635922372341156, 0.2368514984846115, 0.2365579605102539, 0.23622722923755646, 0.2356029599905014, 0.2376638501882553, 0.23635081946849823, 0.23711566627025604, 0.23621883988380432, 0.23622798919677734, 0.23851795494556427, 0.23755855858325958, 0.23621216416358948, 0.23869304358959198, 0.23589611053466797, 0.23807258903980255, 0.2395469695329666], "val_loss": [0.6729066371917725, 0.652606725692749, 0.6170984506607056, 0.6149147748947144, 0.6212661862373352, 0.6191889047622681, 0.6166994571685791, 0.6156463623046875, 0.614944577217102, 0.6181657314300537, 0.6104205846786499, 0.611724853515625, 0.6163555383682251, 0.6190152764320374, 0.6167723536491394, 0.617563009262085, 0.6145092248916626, 0.6202536821365356, 0.612983226776123, 0.6203703284263611], "val_iou": [0.23705048859119415, 0.2371467649936676, 0.24225616455078125, 0.2385917752981186, 0.23348389565944672, 0.23506318032741547, 0.23705291748046875, 0.2378700226545334, 0.2384185791015625, 0.2359573394060135, 0.24190674722194672, 0.24090348184108734, 0.23734894394874573, 0.2353164702653885, 0.2370307892560959, 0.23642654716968536, 0.23876571655273438, 0.23437348008155823, 0.23993758857250214, 0.23428498208522797]}, "42": {"train_loss": [0.6901698112487793, 0.6767461895942688, 0.6539740562438965, 0.6233150959014893, 0.6142772436141968, 0.6152962446212769, 0.616748571395874, 0.6180664300918579, 0.6156315207481384, 0.6174821853637695, 0.6165511608123779, 0.6177675127983093, 0.6177753806114197, 0.6147985458374023, 0.6160604953765869, 0.6178253889083862, 0.6145896315574646, 0.6182474493980408, 0.6154042482376099, 0.6134847402572632], "train_iou": [0.07766355574131012, 0.23276172578334808, 0.23662462830543518, 0.23635922372341156, 0.2368514984846115, 0.2365579605102539, 0.23622722923755646, 0.2356029599905014, 0.2376638501882553, 0.23635081946849823, 0.23711566627025604, 0.23621883988380432, 0.23622798919677734, 0.23851795494556427, 0.23755855858325958, 0.23621216416358948, 0.23869304358959198, 0.23589611053466797, 0.23807258903980255, 0.2395469695329666], "val_loss": [0.6730648875236511, 0.6535155773162842, 0.6165090799331665, 0.6124107241630554, 0.6192740201950073, 0.6183005571365356, 0.6162588596343994, 0.6154582500457764, 0.6148054599761963, 0.6180764436721802, 0.6103771328926086, 0.6116900444030762, 0.6163287162780762, 0.6189923882484436, 0.616758406162262, 0.6175491809844971, 0.6144987344741821, 0.6202443838119507, 0.6129764318466187, 0.6203633546829224], "val_iou": [0.23706717789173126, 0.2371467649936676, 0.24225616455078125, 0.2385917752981186, 0.23348389565944672, 0.23506318032741547, 0.23705291748046875, 0.2378700226545334, 0.2384185791015625, 0.2359573394060135, 0.24190674722194672, 0.24090348184108734, 0.23734894394874573, 0.2353164702653885, 0.2370307892560959, 0.23642654716968536, 0.23876571655273438, 0.23437348008155823, 0.23993758857250214, 0.23428498208522797]}, "11": {"train_loss": [0.6871887445449829, 0.6781704425811768, 0.6467666625976562, 0.6197188496589661, 0.6155748963356018, 0.6167961359024048, 0.6176124811172485, 0.6185598969459534, 0.61590975522995, 0.6176451444625854, 0.616653323173523, 0.6178303360939026, 0.6178208589553833, 0.6148307919502258, 0.6160835027694702, 0.6178439855575562, 0.6146042346954346, 0.6182583570480347, 0.6154136657714844, 0.6134923100471497], "train_iou": [0.12676994502544403, 0.22805927693843842, 0.23662643134593964, 0.23635922372341156, 0.2368514984846115, 0.2365579605102539, 0.23622722923755646, 0.2356029599905014, 0.2376638501882553, 0.23635081946849823, 0.23711566627025604, 0.23621883988380432, 0.23622798919677734, 0.23851795494556427, 0.23755855858325958, 0.23621216416358948, 0.23869304358959198, 0.23589611053466797, 0.23807258903980255, 0.2395469695329666],