{"126": {"train_loss": [0.6937601566314697, 0.745561957359314, 0.6820293664932251, 0.6800212264060974, 0.692832350730896, 0.6735067367553711, 0.6458706855773926, 0.6284714937210083, 0.6175282001495361, 0.6168125867843628, 0.6156809329986572, 0.617135763168335, 0.6174174547195435, 0.614580512046814, 0.6159279346466064, 0.6177433729171753, 0.6145414113998413, 0.6182103753089905, 0.6153808832168579, 0.6134675741195679], "train_iou": [0.004378392826765776, 0.00019901937048416585, 0.13454101979732513, 0.18435026705265045, 0.03127865120768547, 0.22764654457569122, 0.23622606694698334, 0.23559994995594025, 0.23766283690929413, 0.23635081946849823, 0.23711566627025604, 0.23621883988380432, 0.23622798919677734, 0.23851795494556427, 0.23755855858325958, 0.23621216416358948, 0.23869304358959198, 0.23589611053466797, 0.23807258903980255, 0.2395469695329666], "val_loss": [0.7170796990394592, 0.6790741682052612, 0.6724424362182617, 0.68178391456604, 0.6729804277420044, 0.6528142690658569, 0.6355530023574829, 0.624022364616394, 0.6180324554443359, 0.6190284490585327, 0.6106770634651184, 0.611706018447876, 0.6163055896759033, 0.6189641952514648, 0.616732656955719, 0.6175355911254883, 0.6144886612892151, 0.620236873626709, 0.6129719018936157, 0.6203604936599731], "val_iou": [0.0, 0.09321830421686172, 0.24201536178588867, 0.016752416267991066, 0.23348389565944672, 0.23506318032741547, 0.23705291748046875, 0.2378700226545334, 0.2384185791015625, 0.2359573394060135, 0.24190674722194672, 0.24090348184108734, 0.23734894394874573, 0.2353164702653885, 0.2370307892560959, 0.23642654716968536, 0.23876571655273438, 0.23437348008155823, 0.23993758857250214, 0.23428498208522797]}, "121": {"train_loss": [0.6989009976387024, 0.6780593395233154, 0.6574277281761169, 0.6219085454940796, 0.6137107610702515, 0.6153741478919983, 0.6168692111968994, 0.6181203722953796, 0.6156505346298218, 0.6174722909927368, 0.616534411907196, 0.6177395582199097, 0.6177491545677185, 0.6147727966308594, 0.6160364151000977, 0.6178084015846252, 0.6145732402801514, 0.6182305216789246, 0.6153912544250488, 0.6134718656539917], "train_iou": [0.04385632276535034, 0.2330274134874344, 0.23663516342639923, 0.23635922372341156, 0.2368514984846115, 0.2365579605102539, 0.23622722923755646, 0.2356029599905014, 0.2376638501882553, 0.23635081946849823, 0.23711566627025604, 0.23621883988380432, 0.23622798919677734, 0.23851795494556427, 0.23755855858325958, 0.23621216416358948, 0.23869304358959198, 0.23589611053466797, 0.23807258903980255, 0.2395469695329666], "val_loss": [0.6724487543106079, 0.6594548225402832, 0.6249449253082275, 0.6155985593795776, 0.6203750371932983, 0.6186641454696655, 0.6164247989654541, 0.6155205965042114, 0.6148757338523865, 0.6181269884109497, 0.6104003190994263, 0.6117106676101685, 0.616345226764679, 0.6190074682235718, 0.6167672872543335, 0.6175582408905029, 0.6145052909851074, 0.6202504634857178, 0.6129807829856873, 0.6203678846359253], "val_iou": [0.23710547387599945, 0.23715102672576904, 0.24225616455078125, 0.2385917752981186, 0.23348389565944672, 0.23506318032741547, 0.23705291748046875, 0.2378700226545334, 0.2384185791015625, 0.2359573394060135, 0.24190674722194672, 0.24090348184108734, 0.23734894394874573, 0.2353164702653885, 0.2370307892560959, 0.23642654716968536, 0.23876571655273438, 0.23437348008155823, 0.23993758857250214, 0.23428498208522797]}, "0": {"train_loss": [0.6655902862548828, 0.6430923938751221, 0.6233742833137512, 0.6188097596168518, 0.6172265410423279, 0.6174339056015015, 0.6178089380264282, 0.618632435798645, 0.6159372329711914, 0.61766517162323, 0.6166625022888184, 0.6178296804428101, 0.6178238391876221, 0.6148234009742737, 0.6160790920257568, 0.617840588092804, 0.6146189570426941, 0.618255615234375, 0.6154181957244873, 0.613486111164093], "train_iou": [0.23510733246803284, 0.23328819870948792, 0.23663151264190674, 0.23635049164295197, 0.23685017228126526, 0.23654532432556152, 0.23623108863830566, 0.23560397326946259, 0.23766593635082245, 0.23634925484657288, 0.2371160089969635, 0.23622150719165802, 0.23622845113277435, 0.23852279782295227, 0.23756568133831024, 0.23621900379657745, 0.23868326842784882, 0.23589740693569183, 0.23807421326637268, 0.2395491600036621], "val_loss": [0.632392942905426, 0.6195729970932007, 0.6103698015213013, 0.6147068738937378, 0.6213935613632202, 0.6193342208862305, 0.6167378425598145, 0.6156738996505737, 0.6149605512619019, 0.6181774139404297, 0.6104259490966797, 0.6117284297943115, 0.6163585782051086, 0.619018018245697, 0.6167742013931274, 0.6175645589828491, 0.6145100593566895, 0.6202550530433655, 0.612984299659729, 0.6203712224960327], "val_iou": [0.237060546875, 0.2371467649936676, 0.24225616455078125, 0.2385917752981186, 0.23348389565944672, 0.23506318032741547, 0.23705291748046875, 0.2378700226545334, 0.2384185791015625, 0.2359573394060135, 0.24190674722194672, 0.24090348184108734, 0.23734894394874573, 0.2353164702653885, 0.2370307892560959, 0.23642654716968536, 0.23876571655273438, 0.23437348008155823, 0.23993758857250214, 0.23428498208522797]}}