{"42": {"train_loss": [0.6556069850921631, 0.6212437152862549, 0.6166620254516602, 0.6174947619438171, 0.6169641017913818, 0.617377758026123, 0.617818295955658, 0.6186391711235046, 0.6159458160400391, 0.617662787437439, 0.6166630983352661, 0.6178361177444458, 0.6178243160247803, 0.6148331165313721, 0.6160849928855896, 0.6178451776504517, 0.6146049499511719, 0.6182588934898376, 0.6154141426086426, 0.6134926676750183], "train_iou": [0.23617342114448547, 0.2333194762468338, 0.23662777245044708, 0.23635922372341156, 0.2368514984846115, 0.2365579605102539, 0.23622722923755646, 0.2356029599905014, 0.2376638501882553, 0.23635081946849823, 0.23711566627025604, 0.23621883988380432, 0.23622798919677734, 0.23851795494556427, 0.23755855858325958, 0.23621216416358948, 0.23869304358959198, 0.23589611053466797, 0.23807258903980255, 0.2395469695329666], "val_loss": [0.6344683766365051, 0.6197555065155029, 0.6104965806007385, 0.6146161556243896, 0.6212863922119141, 0.619288444519043, 0.616706907749176, 0.6156494617462158, 0.6149466633796692, 0.6181647777557373, 0.6104212999343872, 0.6117254495620728, 0.6163548827171326, 0.6190155744552612, 0.6167726516723633, 0.6175639629364014, 0.6145092844963074, 0.6202542781829834, 0.6129840612411499, 0.6203711032867432], "val_iou": [0.237060546875, 0.2371467649936676, 0.24225616455078125, 0.2385917752981186, 0.23348389565944672, 0.23506318032741547, 0.23705291748046875, 0.2378700226545334, 0.2384185791015625, 0.2359573394060135, 0.24190674722194672, 0.24090348184108734, 0.23734894394874573, 0.2353164702653885, 0.2370307892560959, 0.23642654716968536, 0.23876571655273438, 0.23437348008155823, 0.23993758857250214, 0.23428498208522797]}}