{"0": {"train_loss": [0.6858086585998535, 0.6856154203414917], "train_iou": [0.0015667763072997332, 0.015411457978188992], "val_loss": [0.6835149526596069, 0.682991623878479], "val_iou": [0.0, 0.0045751724392175674]}, "1": {"train_loss": [0.6855816841125488, 0.6856775879859924], "train_iou": [0.07677920907735825, 0.1311872899532318], "val_loss": [0.6790176630020142, 0.6782838702201843], "val_iou": [0.2230372428894043, 0.23163948953151703]}, "2": {"train_loss": [0.6859519481658936, 0.6865702867507935], "train_iou": [0.0, 0.0], "val_loss": [0.6852670907974243, 0.6855923533439636], "val_iou": [0.0, 0.0]}, "3": {"train_loss": [0.6861962080001831, 0.6867805123329163], "train_iou": [1.456669906474417e-05, 3.3978976716753095e-05], "val_loss": [0.6852670907974243, 0.6855922341346741], "val_iou": [0.0, 0.0]}, "4": {"train_loss": [0.6859519481658936, 0.6865702867507935], "train_iou": [0.0, 0.0], "val_loss": [0.6852670907974243, 0.6855923533439636], "val_iou": [0.0, 0.0]}, "5": {"train_loss": [0.6796971559524536, 0.6788034439086914], "train_iou": [0.10844512283802032, 0.20950046181678772], "val_loss": [0.6801408529281616, 0.6794571876525879], "val_iou": [0.002688685432076454, 0.23443713784217834]}, "6": {"train_loss": [0.6550889015197754, 0.6491501331329346], "train_iou": [0.3165113627910614, 0.31236520409584045], "val_loss": [0.6710141897201538, 0.6687377691268921], "val_iou": [0.23671381175518036, 0.23434296250343323]}, "7": {"train_loss": [0.6859519481658936, 0.6865702867507935], "train_iou": [0.0, 0.0], "val_loss": [0.6852670907974243, 0.6855923533439636], "val_iou": [0.0, 0.0]}, "8": {"train_loss": [0.6781501770019531, 0.6769567728042603], "train_iou": [0.17880882322788239, 0.2222341150045395], "val_loss": [0.6763558387756348, 0.675062894821167], "val_iou": [0.23476210236549377, 0.23391170799732208]}, "9": {"train_loss": [0.6859519481658936, 0.6865702867507935], "train_iou": [0.0, 0.0], "val_loss": [0.6852670907974243, 0.6855923533439636], "val_iou": [0.0, 0.0]}, "10": {"train_loss": [0.6654348373413086, 0.6616874933242798], "train_iou": [0.3305523693561554, 0.26530399918556213], "val_loss": [0.6706466674804688, 0.6677252054214478], "val_iou": [0.23748551309108734, 0.23468895256519318]}, "11": {"train_loss": [0.6725621223449707, 0.6696419715881348], "train_iou": [0.27845531702041626, 0.24429629743099213], "val_loss": [0.6732480525970459, 0.6708171963691711], "val_iou": [0.23728422820568085, 0.2343602478504181]}, "12": {"train_loss": [0.68715900182724, 0.6878014802932739], "train_iou": [0.0021160177420824766, 0.004075599368661642], "val_loss": [0.6852656602859497, 0.6855919361114502], "val_iou": [0.0, 0.0]}, "13": {"train_loss": [0.6859519481658936, 0.6865702867507935], "train_iou": [0.0, 0.0], "val_loss": [0.6852670907974243, 0.6855923533439636], "val_iou": [0.0, 0.0]}, "14": {"train_loss": [0.6773281097412109, 0.6759257316589355], "train_iou": [0.1848939210176468, 0.2894006073474884], "val_loss": [0.6795050501823425, 0.6780630350112915], "val_iou": [0.16858462989330292, 0.2337421029806137]}, "15": {"train_loss": [0.6712541580200195, 0.6682316660881042], "train_iou": [0.2539061903953552, 0.2791544497013092], "val_loss": [0.6767178773880005, 0.6750866770744324], "val_iou": [0.2389335185289383, 0.23449678719043732]}, "16": {"train_loss": [0.6655963659286499, 0.6614267826080322], "train_iou": [0.29635679721832275, 0.3009295165538788], "val_loss": [0.6676862835884094, 0.6637895107269287], "val_iou": [0.23755188286304474, 0.2346336841583252]}, "17": {"train_loss": [0.6807982921600342, 0.6801369190216064], "train_iou": [0.07872003316879272, 0.1173001304268837], "val_loss": [0.6832239627838135, 0.6822255253791809], "val_iou": [0.03210776671767235, 0.05529741570353508]}, "18": {"train_loss": [0.6792029142379761, 0.6782096028327942], "train_iou": [0.10392598062753677, 0.1492091715335846], "val_loss": [0.6820604205131531, 0.6805131435394287], "val_iou": [0.045306552201509476, 0.07015176117420197]}, "19": {"train_loss": [0.6850167512893677, 0.6851001977920532], "train_iou": [0.15775077044963837, 0.185386061668396], "val_loss": [0.6792746782302856, 0.6794902086257935], "val_iou": [0.20817826688289642, 0.2141197919845581]}, "20": {"train_loss": [0.6803704500198364, 0.6801760196685791], "train_iou": [0.14538069069385529, 0.18147198855876923], "val_loss": [0.6792910695075989, 0.678623616695404], "val_iou": [0.1844216138124466, 0.21428580582141876]}, "21": {"train_loss": [0.6578561067581177, 0.6527044177055359], "train_iou": [0.2814212739467621, 0.2399015724658966], "val_loss": [0.6555432081222534, 0.649556040763855], "val_iou": [0.237208291888237, 0.23486338555812836]}, "22": {"train_loss": [0.6823786497116089, 0.6823796629905701], "train_iou": [0.16246990859508514, 0.19514189660549164], "val_loss": [0.6797292828559875, 0.6801034212112427], "val_iou": [0.20171909034252167, 0.21164868772029877]}, "23": {"train_loss": [0.6855863332748413, 0.6863874197006226], "train_iou": [0.08689447492361069, 0.1296016424894333], "val_loss": [0.6816697716712952, 0.6825398206710815], "val_iou": [0.16344115138053894, 0.18696998059749603]}, "24": {"train_loss": [0.6785436868667603, 0.6775368452072144], "train_iou": [0.17101992666721344, 0.21216142177581787], "val_loss": [0.6754748821258545, 0.6734737157821655], "val_iou": [0.2137041538953781, 0.22956299781799316]}, "25": {"train_loss": [0.6751463413238525, 0.6730839014053345], "train_iou": [0.25224602222442627, 0.27219489216804504], "val_loss": [0.6720413565635681, 0.6690940260887146], "val_iou": [0.26372453570365906, 0.21879234910011292]}, "26": {"train_loss": [0.6706570982933044, 0.6686745882034302], "train_iou": [0.3480316698551178, 0.4008851945400238], "val_loss": [0.6696047782897949, 0.6665583848953247], "val_iou": [0.40020322799682617, 0.23811867833137512]}, "27": {"train_loss": [0.6752933263778687, 0.6729470491409302], "train_iou": [0.18613336980342865, 0.24274607002735138], "val_loss": [0.6800259947776794, 0.6786901950836182], "val_iou": [0.06371670216321945, 0.21290957927703857]}, "28": {"train_loss": [0.660556435585022, 0.655627965927124], "train_iou": [0.302004873752594, 0.25541120767593384], "val_loss": [0.6692443490028381, 0.6666496396064758], "val_iou": [0.23671381175518036, 0.23362818360328674]}, "29": {"train_loss": [0.6855453252792358, 0.686188817024231], "train_iou": [0.033134229481220245, 0.049331337213516235], "val_loss": [0.6849281787872314, 0.6852219104766846], "val_iou": [0.04398763179779053, 0.06750915199518204]}, "30": {"train_loss": [0.6791386604309082, 0.6777558922767639], "train_iou": [0.16751264035701752, 0.2410680055618286], "val_loss": [0.6760388612747192, 0.673445999622345], "val_iou": [0.23845987021923065, 0.2010224163532257]}, "31": {"train_loss": [0.6663706302642822, 0.662663459777832], "train_iou": [0.3460600972175598, 0.326699823141098], "val_loss": [0.660061240196228, 0.6544332504272461], "val_iou": [0.26007455587387085, 0.25358638167381287]}, "32": {"train_loss": [0.6663948893547058, 0.6623519062995911], "train_iou": [0.3201446235179901, 0.314869225025177], "val_loss": [0.6656410694122314, 0.660455584526062], "val_iou": [0.3199287950992584, 0.2569188177585602]}, "33": {"train_loss": [0.6631775498390198, 0.6582726240158081], "train_iou": [0.2702908515930176, 0.2828906178474426], "val_loss": [0.6591320037841797, 0.6530330181121826], "val_iou": [0.25310251116752625, 0.23535342514514923]}, "34": {"train_loss": [0.6737536191940308, 0.671532392501831], "train_iou": [0.20126020908355713, 0.254499226808548], "val_loss": [0.6622788906097412, 0.6559581160545349], "val_iou": [0.24079589545726776, 0.2686094343662262]}, "35": {"train_loss": [0.6890918016433716, 0.6897881627082825], "train_iou": [0.006083569955080748, 0.015513390302658081], "val_loss": [0.6878434419631958, 0.6883450150489807], "val_iou": [0.005134656559675932, 0.01692075841128826]}, "36": {"train_loss": [0.6859519481658936, 0.6865702867507935], "train_iou": [0.0, 0.0], "val_loss": [0.6852670907974243, 0.6855923533439636], "val_iou": [0.0, 0.0]},