{"0": {"train_loss": [0.6808809041976929, 0.6813739538192749], "train_iou": [0.11095058172941208, 0.18516109883785248], "val_loss": [0.6794126033782959, 0.6795201301574707], "val_iou": [0.18608950078487396, 0.21399712562561035]}, "1": {"train_loss": [0.6947473287582397, 0.6947755217552185], "train_iou": [0.0026472003664821386, 0.002004759619012475], "val_loss": [0.6943479776382446, 0.6945192813873291], "val_iou": [0.002515316242352128, 0.002070514252409339]}, "2": {"train_loss": [0.6859518885612488, 0.6865701675415039], "train_iou": [0.0, 0.0], "val_loss": [0.6852670311927795, 0.6855922937393188], "val_iou": [0.0, 0.0]}, "3": {"train_loss": [0.6966831088066101, 0.6958824396133423], "train_iou": [0.0, 3.5314556043886114e-06], "val_loss": [0.6965686082839966, 0.6959035396575928], "val_iou": [3.911291969416197e-06, 0.0]}, "4": {"train_loss": [0.6859519481658936, 0.6865702867507935], "train_iou": [0.0, 0.0], "val_loss": [0.6852670907974243, 0.6855923533439636], "val_iou": [0.0, 0.0]}, "5": {"train_loss": [0.6858920454978943, 0.6864967346191406], "train_iou": [0.0, 0.0], "val_loss": [0.6851596832275391, 0.685451865196228], "val_iou": [0.0, 0.0]}, "6": {"train_loss": [0.6844361424446106, 0.6846721172332764], "train_iou": [0.0, 0.00010880552144953981], "val_loss": [0.6829229593276978, 0.6825929880142212], "val_iou": [0.00028747995384037495, 0.02488752081990242]}, "7": {"train_loss": [0.6859519481658936, 0.6865702867507935], "train_iou": [0.0, 0.0], "val_loss": [0.6852671504020691, 0.6855924129486084], "val_iou": [0.0, 0.0]}, "8": {"train_loss": [0.6867508888244629, 0.6873387098312378], "train_iou": [0.0005227335495874286, 0.0014549781335517764], "val_loss": [0.6861844062805176, 0.6865378618240356], "val_iou": [0.004412244539707899, 0.009616014547646046]}, "9": {"train_loss": [0.6859517097473145, 0.6865699291229248], "train_iou": [0.0, 0.0], "val_loss": [0.6852667331695557, 0.6855919361114502], "val_iou": [0.0, 0.0]}, "10": {"train_loss": [0.6774791479110718, 0.6762357950210571], "train_iou": [0.13987956941127777, 0.2829894423484802], "val_loss": [0.673186182975769, 0.6703709363937378], "val_iou": [0.28048449754714966, 0.3608895242214203]}, "11": {"train_loss": [0.6812103986740112, 0.6804119348526001], "train_iou": [0.054621875286102295, 0.15491265058517456], "val_loss": [0.6777256727218628, 0.6757851243019104], "val_iou": [0.17352750897407532, 0.26906853914260864]}, "12": {"train_loss": [0.695901095867157, 0.6953434944152832], "train_iou": [4.3163695409020875e-06, 2.88605169771472e-05], "val_loss": [0.6957411170005798, 0.6953443884849548], "val_iou": [9.77096897258889e-06, 0.0]}, "13": {"train_loss": [0.6859530210494995, 0.6865713596343994], "train_iou": [0.0, 0.0], "val_loss": [0.6852684020996094, 0.6855936050415039], "val_iou": [0.0, 0.0]}, "14": {"train_loss": [0.683331310749054, 0.6828598976135254], "train_iou": [0.11002564430236816, 0.17376187443733215], "val_loss": [0.6810681819915771, 0.6792699098587036], "val_iou": [0.18905380368232727, 0.2641887664794922]}, "15": {"train_loss": [0.6849328279495239, 0.6852866411209106], "train_iou": [0.0, 0.0], "val_loss": [0.6836422681808472, 0.6835064888000488], "val_iou": [0.0, 0.0033372044563293457]}, "16": {"train_loss": [0.6787470579147339, 0.6775270700454712], "train_iou": [0.07262954115867615, 0.24138140678405762], "val_loss": [0.674059271812439, 0.6712789535522461], "val_iou": [0.22493405640125275, 0.322382390499115]}, "17": {"train_loss": [0.6729446649551392, 0.6704013347625732], "train_iou": [0.2818731963634491, 0.31818801164627075], "val_loss": [0.6655860543251038, 0.6608673334121704], "val_iou": [0.3493165671825409, 0.2913678288459778]}, "18": {"train_loss": [0.6764183044433594, 0.6746979355812073], "train_iou": [0.1815517395734787, 0.31512194871902466], "val_loss": [0.6708090305328369, 0.6672372817993164], "val_iou": [0.29240095615386963, 0.31749987602233887]}, "19": {"train_loss": [0.7061874866485596, 0.703454852104187], "train_iou": [0.001673088758252561, 0.0011279684258624911], "val_loss": [0.7048646807670593, 0.7026619911193848], "val_iou": [0.0004963406245224178, 0.0005110875936225057]}, "20": {"train_loss": [0.6915342807769775, 0.6916941404342651], "train_iou": [0.004764702171087265, 0.006953516509383917], "val_loss": [0.6916582584381104, 0.691466212272644], "val_iou": [0.00596637325361371, 0.014367534779012203]}, "21": {"train_loss": [0.6712490320205688, 0.6684219241142273], "train_iou": [0.3148121237754822, 0.32844647765159607], "val_loss": [0.6633981466293335, 0.6583176255226135], "val_iou": [0.34017691016197205, 0.27937695384025574]}, "22": {"train_loss": [0.6977256536483765, 0.6967049837112427], "train_iou": [0.0004986845888197422, 0.0003975153376813978], "val_loss": [0.697358250617981, 0.6966652870178223], "val_iou": [0.00033031392376869917, 0.00020348570251371711]}, "23": {"train_loss": [0.688090443611145, 0.6886497735977173], "train_iou": [0.0, 0.0], "val_loss": [0.6878819465637207, 0.6881563663482666], "val_iou": [0.0, 0.0]}, "24": {"train_loss": [0.6860209703445435, 0.6866385340690613], "train_iou": [0.0012504479382187128, 0.002916976809501648], "val_loss": [0.6853405237197876, 0.6856193542480469], "val_iou": [0.006816225592046976, 0.014740456826984882]}, "25": {"train_loss": [0.68113112449646, 0.6804386377334595], "train_iou": [0.1293341964483261, 0.21573832631111145], "val_loss": [0.677558422088623, 0.6759805679321289], "val_iou": [0.22369544208049774, 0.2486334890127182]}, "26": {"train_loss": [0.6747137308120728, 0.6734497547149658], "train_iou": [0.2241048663854599, 0.2927503287792206], "val_loss": [0.6720513105392456, 0.669649600982666], "val_iou": [0.2941347658634186, 0.37258633971214294]}, "27": {"train_loss": [0.6849571466445923, 0.6852928400039673], "train_iou": [0.0, 8.994914969662204e-05], "val_loss": [0.6836318969726562, 0.6834495067596436], "val_iou": [0.0004360521852504462, 0.010690328665077686]}, "28": {"train_loss": [0.6856245994567871, 0.6861585378646851], "train_iou": [0.0, 0.0], "val_loss": [0.6847631931304932, 0.6849481463432312], "val_iou": [0.0, 0.0]}, "29": {"train_loss": [0.6915642023086548, 0.6919177174568176], "train_iou": [9.509638039162382e-05, 0.00018739281222224236], "val_loss": [0.6919482946395874, 0.6921505928039551], "val_iou": [0.0003134510188829154, 0.0006105081993155181]}, "30": {"train_loss": [0.6860604286193848, 0.6865105628967285], "train_iou": [0.007718707900494337, 0.024606948718428612], "val_loss": [0.6850306987762451, 0.6850568056106567], "val_iou": [0.025141030550003052, 0.0689089447259903]}, "31": {"train_loss": [0.680678129196167, 0.6800374388694763], "train_iou": [0.01377055048942566, 0.11022205650806427], "val_loss": [0.6773035526275635, 0.6755150556564331], "val_iou": [0.15099689364433289, 0.26983189582824707]}, "32": {"train_loss": [0.6824305057525635, 0.6821528673171997], "train_iou": [0.001614934764802456, 0.019329925999045372], "val_loss": [0.6798102855682373, 0.6785962581634521], "val_iou": [0.06727185100317001, 0.20861363410949707]}, "33": {"train_loss": [0.6831727027893066, 0.6830391883850098], "train_iou": [0.0006612459546886384, 0.009129204787313938], "val_loss": [0.6808016300201416, 0.6798375844955444], "val_iou": [0.05238254740834236, 0.15020719170570374]}, "34": {"train_loss": [0.6740378737449646, 0.6718252301216125], "train_iou": [0.2673031985759735, 0.3545593023300171], "val_loss": [0.6673980951309204, 0.6631269454956055], "val_iou": [0.38164040446281433, 0.3430735468864441]}, "35": {"train_loss": [0.6975542306900024, 0.6966056823730469], "train_iou": [0.0, 0.0], "val_loss": [0.6972622871398926, 0.6964823603630066], "val_iou": [0.0, 0.0]}, "36": {"train_loss": [0.6859519481658936, 0.6865702867507935], "train_iou": [0.0, 0.0], "val_loss": [0.6852671504020691, 0.6855924129486084], "val_iou": [0.0, 0.0]}, "37": {"train_loss": [0.6790958642959595, 0.6779592633247375], "train_iou": [0.05846846103668213, 0.23211669921875], "val_loss": [0.6746598482131958, 0.6720688343048096],