{"0": {"train_loss": [0.6723841428756714, 0.6682897210121155], "train_iou": [0.2722040116786957, 0.3077372908592224], "val_loss": [0.6799681782722473, 0.6788569688796997], "val_iou": [0.06453795731067657, 0.2393428534269333]}, "1": {"train_loss": [0.6781001091003418, 0.6765828132629395], "train_iou": [0.15592901408672333, 0.17749550938606262], "val_loss": [0.6893460154533386, 0.690531849861145], "val_iou": [0.0051402803510427475, 0.011230070143938065]}, "2": {"train_loss": [0.6815963983535767, 0.6808277368545532], "train_iou": [0.12426519393920898, 0.18528865277767181], "val_loss": [0.6827646493911743, 0.6827845573425293], "val_iou": [0.010138032026588917, 0.016369257122278214]}, "3": {"train_loss": [0.7253543138504028, 0.7172825336456299], "train_iou": [0.002090790309011936, 0.0028565884567797184], "val_loss": [0.693871796131134, 0.6938891410827637], "val_iou": [0.0, 0.0]}, "4": {"train_loss": [0.7575849890708923, 0.7398617267608643], "train_iou": [0.0006915164412930608, 0.0015028826892375946], "val_loss": [0.7123173475265503, 0.7065874338150024], "val_iou": [0.0, 6.494350145658245e-06]}, "5": {"train_loss": [0.7294809818267822, 0.720084547996521], "train_iou": [0.00033369215088896453, 0.0005968949990347028], "val_loss": [0.7043452262878418, 0.7012207508087158], "val_iou": [0.0, 0.0]}, "6": {"train_loss": [0.7089162468910217, 0.7060524225234985], "train_iou": [0.02158200927078724, 0.01764739863574505], "val_loss": [0.6864568591117859, 0.6882543563842773], "val_iou": [0.0, 3.247069571443717e-06]}, "7": {"train_loss": [0.6715898513793945, 0.6671707034111023], "train_iou": [0.2262958586215973, 0.2517836391925812], "val_loss": [0.6853495836257935, 0.6842617988586426], "val_iou": [0.04115196689963341, 0.07502475380897522]}, "8": {"train_loss": [0.742479145526886, 0.7295644283294678], "train_iou": [0.0004660857957787812, 0.0007987337303347886], "val_loss": [0.7106841802597046, 0.705659031867981], "val_iou": [0.0, 2.1106638087076135e-05]}, "9": {"train_loss": [0.776088535785675, 0.7611205577850342], "train_iou": [0.0128026707097888, 0.013936208561062813], "val_loss": [0.7131617665290833, 0.7089711427688599], "val_iou": [0.00012082311150152236, 0.00041884309030137956]}, "10": {"train_loss": [0.6799452304840088, 0.6788578033447266], "train_iou": [0.13102293014526367, 0.16025865077972412], "val_loss": [0.6897125244140625, 0.6918203830718994], "val_iou": [0.000629839429166168, 0.003873142646625638]}, "11": {"train_loss": [0.7706369161605835, 0.7494254112243652], "train_iou": [0.00028808804927393794, 0.0006073566037230194], "val_loss": [0.7246352434158325, 0.715307891368866], "val_iou": [1.1726078810170293e-05, 0.00016367835632991046]}, "12": {"train_loss": [0.6957917213439941, 0.6955265402793884], "train_iou": [0.030048666521906853, 0.02157335914671421], "val_loss": [0.6862468123435974, 0.6884140968322754], "val_iou": [0.0050376420840620995, 0.004189239349216223]}, "13": {"train_loss": [0.7248860001564026, 0.7168022394180298], "train_iou": [0.009777783416211605, 0.009359510615468025], "val_loss": [0.7066333293914795, 0.7023059725761414], "val_iou": [4.065828034072183e-05, 0.00025426747743040323]}, "14": {"train_loss": [0.7596365213394165, 0.7453914880752563], "train_iou": [0.001943013514392078, 0.003104769391939044], "val_loss": [0.7150507569313049, 0.7103204727172852], "val_iou": [1.7726624719216488e-05, 0.0002542105212341994]}, "15": {"train_loss": [0.705992579460144, 0.7026383876800537], "train_iou": [0.0004718141572084278, 0.0006063479813747108], "val_loss": [0.693893313407898, 0.6934938430786133], "val_iou": [3.911291969416197e-06, 0.0]}, "16": {"train_loss": [0.7167990803718567, 0.7097620964050293], "train_iou": [0.00028511282289400697, 0.0003535167779773474], "val_loss": [0.7000113725662231, 0.6975809335708618], "val_iou": [0.0, 0.0]}, "17": {"train_loss": [0.7495974898338318, 0.7367478609085083], "train_iou": [0.030208587646484375, 0.02705860137939453], "val_loss": [0.7065238356590271, 0.7031501531600952], "val_iou": [0.0002651442773640156, 0.0003040286828763783]}, "18": {"train_loss": [0.754148542881012, 0.737992525100708], "train_iou": [1.3175937056075782e-05, 3.482098691165447e-05], "val_loss": [0.7062439918518066, 0.7019772529602051], "val_iou": [0.0, 0.0]}, "19": {"train_loss": [0.7026442289352417, 0.699478268623352], "train_iou": [0.03487832471728325, 0.035811346024274826], "val_loss": [0.6942417025566101, 0.694258451461792], "val_iou": [0.010576258413493633, 0.009184787981212139]}, "20": {"train_loss": [0.7571678161621094, 0.7419859170913696], "train_iou": [0.0016890453407540917, 0.0025280131958425045], "val_loss": [0.7287660837173462, 0.7206434011459351], "val_iou": [0.00039791801827959716, 0.0008279629400931299]}, "21": {"train_loss": [0.773873507976532, 0.7531853914260864], "train_iou": [0.00014320398622658104, 0.00033563535544089973], "val_loss": [0.7438284158706665, 0.7317010164260864], "val_iou": [0.00010539017239352688, 0.00028031368856318295]}, "22": {"train_loss": [0.7956977486610413, 0.7701512575149536], "train_iou": [0.00019043537031393498, 0.0004190453910268843], "val_loss": [0.7607998847961426, 0.7438557147979736], "val_iou": [8.657346916152164e-05, 0.0007040992495603859]}, "23": {"train_loss": [0.759600043296814, 0.7434486150741577], "train_iou": [0.0008264391799457371, 0.0007570236339233816], "val_loss": [0.706403374671936, 0.7027394771575928], "val_iou": [0.0, 0.0]}, "24": {"train_loss": [0.7390691041946411, 0.7262747287750244], "train_iou": [0.003254683455452323, 0.00422581285238266], "val_loss": [0.7141948938369751, 0.7086864113807678], "val_iou": [0.0008111924980767071, 0.001091444748453796]}, "25": {"train_loss": [0.7464795112609863, 0.7326978445053101], "train_iou": [4.701885336544365e-05, 0.00012396676174830645], "val_loss": [0.7114886045455933, 0.707255482673645], "val_iou": [2.4685954485903494e-05, 0.00013573613250628114]}, "26": {"train_loss": [0.6407572031021118, 0.6357595920562744], "train_iou": [0.2595652639865875, 0.2504082918167114], "val_loss": [0.6454524397850037, 0.6405636072158813], "val_iou": [0.24422934651374817, 0.2392229586839676]}, "27": {"train_loss": [0.770521879196167, 0.7507269978523254], "train_iou": [0.0001071583028533496, 0.00027512290398590267], "val_loss": [0.7533156275749207, 0.7404180765151978], "val_iou": [0.00012808489555027336, 0.00060749874683097]}, "28": {"train_loss": [0.6686241626739502, 0.6660058498382568], "train_iou": [0.2892121970653534, 0.2493898868560791], "val_loss": [0.6726430654525757, 0.6700788736343384], "val_iou": [0.23890259861946106, 0.23480339348316193]}, "29": {"train_loss": [0.6588671207427979, 0.6534364223480225], "train_iou": [0.23018908500671387, 0.23920929431915283], "val_loss": [0.6369959712028503, 0.6282012462615967], "val_iou": [0.24761000275611877, 0.2613881826400757]}, "30": {"train_loss": [0.6754031181335449, 0.6734225153923035], "train_iou": [0.1359604448080063, 0.15013757348060608], "val_loss": [0.6560977101325989, 0.6471461057662964], "val_iou": [0.1512794941663742, 0.16430826485157013]}, "31": {"train_loss": [0.7510250210762024, 0.7355034351348877], "train_iou": [0.0005362838855944574, 0.0010813255794346333], "val_loss": [0.7330548167228699, 0.7226585745811462], "val_iou": [0.0008693091804161668, 0.001630091923289001]}, "32": {"train_loss": [0.7782774567604065, 0.7563956379890442], "train_iou": [0.000136667033075355, 0.0002625364577397704], "val_loss": [0.7353782653808594, 0.7233295440673828], "val_iou": [3.310355532448739e-05, 0.00020317178859841079]}, "33": {"train_loss": [0.7999379634857178, 0.7714328765869141], "train_iou": [6.357536040013656e-05, 0.00015439842536579818], "val_loss": [0.7794547080993652, 0.7550792694091797], "val_iou": [7.288379856618121e-05, 0.0003391305508557707]}, "34": {"train_loss": [0.7780882120132446, 0.754711925983429], "train_iou": [0.0001627686433494091, 0.0005878143128938973], "val_loss": [0.7590013742446899, 0.7395309805870056], "val_iou": [0.00031487594242207706, 0.0015789769822731614]},