{
    "layer4.1.bn1": 11147.915189027786,
    "layer4.1.conv2": 10979.402014017105,
    "layer4.1.bn2": 11003.737301826477,
    "total_time": 33131.05550980568
}